{"Target1p": [377.428, 957.344822974], "D1RDAGolf": [2.0088995214008727, 42.5468740368], "cAMP": [38.18593438859697, 1680.99490631], "Gbgolf": [29.8851, 342.859946259]}
